"Title","DateStart","DateEnd"
"Timeslot01", "2014-04-01 08:00", "2014-04-01 09:00",
"Timeslot02", "2014-04-01 09:00", "2014-04-01 10:00",
"Timeslot03", "2014-04-01 10:00", "2014-04-01 11:00",
"Timeslot04", "2014-04-01 13:00", "2014-04-01 14:00",
"Timeslot05", "2014-04-01 15:00", "2014-04-01 16:00",
"Timeslot06", "2014-04-01 16:00", "2014-04-01 17:00",
"Timeslot07", "2014-04-02 08:00", "2014-04-02 09:00",
"Timeslot08", "2014-04-02 09:00", "2014-04-02 10:00",
"Timeslot09", "2014-04-02 10:00", "2014-04-02 11:00",
"Timeslot10", "2014-04-02 13:00", "2014-04-02 14:00",
"Timeslot11", "2014-04-02 15:00", "2014-04-02 16:00",
"Timeslot12", "2014-04-02 16:00", "2014-04-02 17:00",
